{"cameraMode":{"drawMode":0,"name":"Shaded","section":"Shading Mode"},"sceneLighting":false,"audioPlay":false,"sceneViewState":{"showFog":true,"showMaterialUpdate":false,"showSkybox":true,"showFlares":true,"showImageEffects":true,"showParticleSystems":true},"in2DMode":false,"pivot":{"x":1.3230009078979493,"y":0.26893383264541628,"z":0.7489099502563477},"rotation":{"x":0.03976866602897644,"y":0.9269051551818848,"z":-0.1027463898062706,"w":0.35876262187957766},"size":4.20516300201416,"orthographic":false}